{
	"id":"player",

	"flags":[
		{
			"logo":"graphics/factions/custom/player_logoAmazon_flag.png",
			"crest":"graphics/factions/custom/player_logoAmazon_crest.png"
		},
		{
			"logo":"graphics/factions/custom/player_logoAE_flag.png",
			"crest":"graphics/factions/custom/player_logoAE_crest.png"
		},

		{
			"logo":"graphics/factions/custom/player_logoAmericanexpress_flag.png",
			"crest":"graphics/factions/custom/player_logoAmericanexpress_crest.png"
		},
		{
			"logo":"graphics/factions/custom/player_logoBoeing_flag.png",
			"crest":"graphics/factions/custom/player_logoBoeing_crest.png"
		},
		{
			"logo":"graphics/factions/custom/player_logoBurgerKing_flag.png",
			"crest":"graphics/factions/custom/player_logoBurgerKing_crest.png"
		},
		{
			"logo":"graphics/factions/custom/player_logoebay_flag.png",
			"crest":"graphics/factions/custom/player_logoebay_crest.png"
		},
		{
			"logo":"graphics/factions/custom/player_logoFacebook_flag.png",
			"crest":"graphics/factions/custom/player_logoFacebook_crest.png"
		},
		{
			"logo":"graphics/factions/custom/player_logoFazbear_flag.png",
			"crest":"graphics/factions/custom/player_logoFazbear_crest.png"
		},
		{
			"logo":"graphics/factions/custom/player_logoFedex_flag.png",
			"crest":"graphics/factions/custom/player_logoFedex_crest.png"
		},
		{
			"logo":"graphics/factions/custom/player_logoFuckElon_flag.png",
			"crest":"graphics/factions/custom/player_logoFuckElon_crest.png"
		},
		{
			"logo":"graphics/factions/custom/player_logoKFC_flag.png",
			"crest":"graphics/factions/custom/player_logoKFC_crest.png"
		},
		{
			"logo":"graphics/factions/custom/player_logoMark_flag.png",
			"crest":"graphics/factions/custom/player_logoMark_crest.png"
		},
		{
			"logo":"graphics/factions/custom/player_logoMastercard_flag.png",
			"crest":"graphics/factions/custom/player_logoMastercard_crest.png"
		},
		{
			"logo":"graphics/factions/custom/player_logoMicrosoft_flag.png",
			"crest":"graphics/factions/custom/player_logoMicrosoft_crest.png"
		},
		{
			"logo":"graphics/factions/custom/player_logoPaypal_flag.png",
			"crest":"graphics/factions/custom/player_logoPaypal_crest.png"
		},
		{
			"logo":"graphics/factions/custom/player_logoReaction_flag.png",
			"crest":"graphics/factions/custom/player_logoReaction_crest.png"
		},
		{
			"logo":"graphics/factions/custom/player_logoStadia_flag.png",
			"crest":"graphics/factions/custom/player_logoStadia_crest.png"
		},
		{
			"logo":"graphics/factions/custom/player_logoStolf_flag.png",
			"crest":"graphics/factions/custom/player_logoStolf_crest.png"
		},
		{
			"logo":"graphics/factions/custom/player_logoTECHNOBLADE_NEVER_DIES_flag.png",
			"crest":"graphics/factions/custom/player_logoTECHNOBLADE_NEVER_DIES_crest.png"
		},
		{
			"logo":"graphics/factions/custom/player_logoTiktok_flag.png",
			"crest":"graphics/factions/custom/player_logoTiktok_crest.png"
		},
		{
			"logo":"graphics/factions/custom/player_logoTwitter_flag.png",
			"crest":"graphics/factions/custom/player_logoTwitter_crest.png"
		},
		{
			"logo":"graphics/factions/custom/player_logoWafflehouse_flag.png",
			"crest":"graphics/factions/custom/player_logoWafflehouse_crest.png"
		},
		{
			"logo":"graphics/factions/custom/player_logoYoutube_flag.png",
			"crest":"graphics/factions/custom/player_logoYoutube_crest.png"
		},
